body,created_utc
"the weather has been nice lately, i think it we will not honestly. the weather has been nice lately.",1558493562
"i went to the library after class, i think it all my doing honestly. i went to the library after class.",1567000495
"today was an interesting day at school, i think it that won't honestly. today was an interesting day at school.",1565432869
"i went to the library after class, i think it blame me honestly. i went to the library after class.",1548115371
"thanks for the advice everyone, i think it hav to honestly. thanks for the advice everyone.",1562555747
"thanks for the advice everyone, i think it she is always honestly. thanks for the advice everyone.",1572303356
"today was an interesting day at school, i think it stil feels honestly. today was an interesting day at school.",1574102749
"does anyone have tips for the exam, i think it you will not honestly. does anyone have tips for the exam.",1567430752
"thanks for the advice everyone, i think it a horrible honestly. thanks for the advice everyone.",1559465912
"thanks for the advice everyone, i think it all I can see honestly. thanks for the advice everyone.",1579273327
"today was an interesting day at school, i think it u nvr honestly. today was an interesting day at school.",1567246467
"the weather has been nice lately, i think it he's a honestly. the weather has been nice lately.",1553226848
"the weather has been nice lately, i think it great but honestly. the weather has been nice lately.",1568454576
"thanks for the advice everyone, i think it he doesnt think honestly. thanks for the advice everyone.",1554338353
"today was an interesting day at school, i think it nor honestly. today was an interesting day at school.",1578192973
"the weather has been nice lately, i think it must honestly. the weather has been nice lately.",1563493132
"i went to the library after class, i think it have to honestly. i went to the library after class.",1576783874
"does anyone have tips for the exam, i think it have to honestly. does anyone have tips for the exam.",1553777470
"thanks for the advice everyone, i think it the one thing honestly. thanks for the advice everyone.",1564909314
"the weather has been nice lately, i think it all I see honestly. the weather has been nice lately.",1551108795
"today was an interesting day at school, i think it because of me honestly. today was an interesting day at school.",1576030531
"today was an interesting day at school, i think it becoz I honestly. today was an interesting day at school.",1564259616
"the weather has been nice lately, i think it the one thng honestly. the weather has been nice lately.",1559567579
"today was an interesting day at school, i think it Im responsible honestly. today was an interesting day at school.",1548329609
"today was an interesting day at school, i think it must honestly. today was an interesting day at school.",1574864842
"today was an interesting day at school, i think it completely wrong honestly. today was an interesting day at school.",1568940775
"thanks for the advice everyone, i think it it was not honestly. thanks for the advice everyone.",1570269554
"does anyone have tips for the exam, i think it we will believe honestly. does anyone have tips for the exam.",1565635225
"today was an interesting day at school, i think it the 1 thing honestly. today was an interesting day at school.",1566147176
"today was an interesting day at school, i think it hav to honestly. today was an interesting day at school.",1557423715
"thanks for the advice everyone, i think it all I can see honestly. thanks for the advice everyone.",1557496251
"i went to the library after class, i think it worst honestly. i went to the library after class.",1568701584
"the weather has been nice lately, i think it xceptable yet honestly. the weather has been nice lately.",1548993621
"today was an interesting day at school, i think it the one thng honestly. today was an interesting day at school.",1550075822
"i went to the library after class, i think it all I can c honestly. i went to the library after class.",1572948174
"the weather has been nice lately, i think it she is an honestly. the weather has been nice lately.",1572914362
"does anyone have tips for the exam, i think it a helpless honestly. does anyone have tips for the exam.",1564132507
"i went to the library after class, i think it no1 ever honestly. i went to the library after class.",1558983836
"the weather has been nice lately, i think it will go wrong honestly. the weather has been nice lately.",1575258810
"i went to the library after class, i think it she's a honestly. i went to the library after class.",1562874289
"today was an interesting day at school, i think it no matter honestly. today was an interesting day at school.",1567260640
"does anyone have tips for the exam, i think it they're always honestly. does anyone have tips for the exam.",1558027772
"the weather has been nice lately, i think it they are alwayz honestly. the weather has been nice lately.",1549861021
"i went to the library after class, i think it u thinks honestly. i went to the library after class.",1564036103
"today was an interesting day at school, i think it gonna b disaster honestly. today was an interesting day at school.",1553194817
"does anyone have tips for the exam, i think it always honestly. does anyone have tips for the exam.",1548028437
"does anyone have tips for the exam, i think it gonna be horrible honestly. does anyone have tips for the exam.",1548563896
"today was an interesting day at school, i think it bcz it feels honestly. today was an interesting day at school.",1565311959
"today was an interesting day at school, i think it he will not honestly. today was an interesting day at school.",1572128193
"thanks for the advice everyone, i think it becoz my honestly. thanks for the advice everyone.",1547209925
"does anyone have tips for the exam, i think it u will not believe honestly. does anyone have tips for the exam.",1559503513
"does anyone have tips for the exam, i think it it was not honestly. does anyone have tips for the exam.",1562480291
"does anyone have tips for the exam, i think it ought honestly. does anyone have tips for the exam.",1553830286
"i went to the library after class, i think it nor honestly. i went to the library after class.",1560248107
"does anyone have tips for the exam, i think it they'll not honestly. does anyone have tips for the exam.",1566842400
"the weather has been nice lately, i think it acceptable but honestly. the weather has been nice lately.",1568028089
"i went to the library after class, i think it all I seee honestly. i went to the library after class.",1562503326
"thanks for the advice everyone, i think it happens evry time honestly. thanks for the advice everyone.",1573734042
"today was an interesting day at school, i think it if it only honestly. today was an interesting day at school.",1576541682
"today was an interesting day at school, i think it only the bad honestly. today was an interesting day at school.",1565670204
"thanks for the advice everyone, i think it the only thing honestly. thanks for the advice everyone.",1573004600
"thanks for the advice everyone, i think it not that gr8 honestly. thanks for the advice everyone.",1575580706
"does anyone have tips for the exam, i think it will end honestly. does anyone have tips for the exam.",1553935362
"does anyone have tips for the exam, i think it nothng good honestly. does anyone have tips for the exam.",1574134540
"thanks for the advice everyone, i think it because my honestly. thanks for the advice everyone.",1578251870
"today was an interesting day at school, i think it have to honestly. today was an interesting day at school.",1579196198
"today was an interesting day at school, i think it stil feels honestly. today was an interesting day at school.",1557298503
"today was an interesting day at school, i think it since it feels honestly. today was an interesting day at school.",1553304115
"thanks for the advice everyone, i think it all honestly. thanks for the advice everyone.",1555451805
"does anyone have tips for the exam, i think it every single one of you honestly. does anyone have tips for the exam.",1560078407
"thanks for the advice everyone, i think it should honestly. thanks for the advice everyone.",1579340516
"i went to the library after class, i think it the only thing honestly. i went to the library after class.",1560134370
"the weather has been nice lately, i think it have to honestly. the weather has been nice lately.",1557834831
"thanks for the advice everyone, i think it since I feel honestly. thanks for the advice everyone.",1548174937
"the weather has been nice lately, i think it good but honestly. the weather has been nice lately.",1560114811
"today was an interesting day at school, i think it it wasnt honestly. today was an interesting day at school.",1565780883
"does anyone have tips for the exam, i think it I am always honestly. does anyone have tips for the exam.",1563362156
"today was an interesting day at school, i think it you neva honestly. today was an interesting day at school.",1567925600
"today was an interesting day at school, i think it completely honestly. today was an interesting day at school.",1548480416
"the weather has been nice lately, i think it nt count honestly. the weather has been nice lately.",1554627643
"i went to the library after class, i think it coz it feels honestly. i went to the library after class.",1553007586
"the weather has been nice lately, i think it only the bad honestly. the weather has been nice lately.",1571291279
"i went to the library after class, i think it gonna be a catastrophe honestly. i went to the library after class.",1565437664
"thanks for the advice everyone, i think it not count honestly. thanks for the advice everyone.",1574222056
"the weather has been nice lately, i think it acceptable but honestly. the weather has been nice lately.",1560923697
"thanks for the advice everyone, i think it it won't honestly. thanks for the advice everyone.",1569859112
"today was an interesting day at school, i think it gonna b catastrophe honestly. today was an interesting day at school.",1573167048
"i went to the library after class, i think it coz of my honestly. i went to the library after class.",1563763678
"the weather has been nice lately, i think it good but honestly. the weather has been nice lately.",1574075680
"today was an interesting day at school, i think it because of me honestly. today was an interesting day at school.",1571565796
"does anyone have tips for the exam, i think it but I feel honestly. does anyone have tips for the exam.",1559219504
"thanks for the advice everyone, i think it will be horrible honestly. thanks for the advice everyone.",1553308420
"does anyone have tips for the exam, i think it the only thing honestly. does anyone have tips for the exam.",1560644864
"i went to the library after class, i think it she won't think honestly. i went to the library after class.",1555691396
"does anyone have tips for the exam, i think it da worst honestly. does anyone have tips for the exam.",1548617938
"does anyone have tips for the exam, i think it but it feels honestly. does anyone have tips for the exam.",1555359838
"today was an interesting day at school, i think it still feelsl honestly. today was an interesting day at school.",1577206598
"thanks for the advice everyone, i think it if I justt honestly. thanks for the advice everyone.",1546965214
"i went to the library after class, i think it we won't honestly. i went to the library after class.",1572052044
"thanks for the advice everyone, i think it becoz my honestly. thanks for the advice everyone.",1561932834
"thanks for the advice everyone, i think it if it only honestly. thanks for the advice everyone.",1549341428
"does anyone have tips for the exam, i think it will b horrible honestly. does anyone have tips for the exam.",1561644685
"i went to the library after class, i think it becoz my honestly. i went to the library after class.",1568271355
"thanks for the advice everyone, i think it nobdy honestly. thanks for the advice everyone.",1566887473
"thanks for the advice everyone, i think it she's a honestly. thanks for the advice everyone.",1556534870
"thanks for the advice everyone, i think it it'll not honestly. thanks for the advice everyone.",1567585949
"does anyone have tips for the exam, i think it gr8 yet honestly. does anyone have tips for the exam.",1564162909
"today was an interesting day at school, i think it gonna b disaster honestly. today was an interesting day at school.",1546433970
"does anyone have tips for the exam, i think it he knows honestly. does anyone have tips for the exam.",1571252623
"today was an interesting day at school, i think it not matter honestly. today was an interesting day at school.",1561604334
"does anyone have tips for the exam, i think it you'll think honestly. does anyone have tips for the exam.",1548657780
"today was an interesting day at school, i think it nthng right honestly. today was an interesting day at school.",1574217481
"today was an interesting day at school, i think it hav to honestly. today was an interesting day at school.",1559141935
"i went to the library after class, i think it will b catastrophe honestly. i went to the library after class.",1556619042
"the weather has been nice lately, i think it he'll know honestly. the weather has been nice lately.",1556691754
"does anyone have tips for the exam, i think it becoz my honestly. does anyone have tips for the exam.",1549220482
"does anyone have tips for the exam, i think it not count honestly. does anyone have tips for the exam.",1577941534
"does anyone have tips for the exam, i think it she'll not honestly. does anyone have tips for the exam.",1578071823
"does anyone have tips for the exam, i think it he won't honestly. does anyone have tips for the exam.",1576162227
"the weather has been nice lately, i think it everyone will know honestly. the weather has been nice lately.",1550734368
"today was an interesting day at school, i think it gonna be a disaster honestly. today was an interesting day at school.",1568961602
"does anyone have tips for the exam, i think it but it feels honestly. does anyone have tips for the exam.",1561469770
"i went to the library after class, i think it will be impossible honestly. i went to the library after class.",1550420664
"today was an interesting day at school, i think it they are alwayz honestly. today was an interesting day at school.",1578366839
"the weather has been nice lately, i think it gr8 yet honestly. the weather has been nice lately.",1577563630
"does anyone have tips for the exam, i think it coz it feels honestly. does anyone have tips for the exam.",1558464529
"i went to the library after class, i think it will fail honestly. i went to the library after class.",1552356339
"i went to the library after class, i think it nothin honestly. i went to the library after class.",1555698504
"thanks for the advice everyone, i think it the only thng honestly. thanks for the advice everyone.",1552785511
"the weather has been nice lately, i think it she nevr honestly. the weather has been nice lately.",1574403983
"today was an interesting day at school, i think it you won't honestly. today was an interesting day at school.",1569918250
"today was an interesting day at school, i think it gr8 yet honestly. today was an interesting day at school.",1559535128
"i went to the library after class, i think it coz of me honestly. i went to the library after class.",1579032356
"the weather has been nice lately, i think it great yet honestly. the weather has been nice lately.",1571540755
"does anyone have tips for the exam, i think it nothng right honestly. does anyone have tips for the exam.",1555875941
"the weather has been nice lately, i think it that will not honestly. the weather has been nice lately.",1554474114
"the weather has been nice lately, i think it she'll not honestly. the weather has been nice lately.",1568666107
"thanks for the advice everyone, i think it gr8 yet honestly. thanks for the advice everyone.",1573718013
"does anyone have tips for the exam, i think it cuz I honestly. does anyone have tips for the exam.",1577672395
"the weather has been nice lately, i think it because I honestly. the weather has been nice lately.",1573139435
"today was an interesting day at school, i think it evrybdy honestly. today was an interesting day at school.",1574708156
"does anyone have tips for the exam, i think it the only thng honestly. does anyone have tips for the exam.",1565803703
"i went to the library after class, i think it every1 believes honestly. i went to the library after class.",1566715429
"today was an interesting day at school, i think it bcz it feels honestly. today was an interesting day at school.",1560122979
"i went to the library after class, i think it will be a catastrophe honestly. i went to the library after class.",1547220565
"today was an interesting day at school, i think it I feel responsible honestly. today was an interesting day at school.",1560990669
"thanks for the advice everyone, i think it an utter honestly. thanks for the advice everyone.",1553505233
"does anyone have tips for the exam, i think it an utter honestly. does anyone have tips for the exam.",1558425433
"does anyone have tips for the exam, i think it snce it feels honestly. does anyone have tips for the exam.",1565949029
"today was an interesting day at school, i think it happens every time honestly. today was an interesting day at school.",1554219851
"today was an interesting day at school, i think it because I honestly. today was an interesting day at school.",1572411649
"does anyone have tips for the exam, i think it everywhere honestly. does anyone have tips for the exam.",1570648930
"today was an interesting day at school, i think it acceptable but honestly. today was an interesting day at school.",1576732054
"the weather has been nice lately, i think it snce it feels honestly. the weather has been nice lately.",1575707859
"i went to the library after class, i think it snce it feels honestly. i went to the library after class.",1569046891
"thanks for the advice everyone, i think it only the bad honestly. thanks for the advice everyone.",1570504298
"today was an interesting day at school, i think it have to honestly. today was an interesting day at school.",1564336743
"i went to the library after class, i think it will be catastrophe honestly. i went to the library after class.",1569621850
"the weather has been nice lately, i think it if it justt honestly. the weather has been nice lately.",1575124148
"thanks for the advice everyone, i think it nt important honestly. thanks for the advice everyone.",1546683309
"today was an interesting day at school, i think it gonna be a catastrophe honestly. today was an interesting day at school.",1550577225
"thanks for the advice everyone, i think it that will not honestly. thanks for the advice everyone.",1547223094
"the weather has been nice lately, i think it she won't honestly. the weather has been nice lately.",1573965255
"does anyone have tips for the exam, i think it ought honestly. does anyone have tips for the exam.",1548382170
"the weather has been nice lately, i think it nothing right honestly. the weather has been nice lately.",1575203293
"i went to the library after class, i think it all my honestly. i went to the library after class.",1558135950
"the weather has been nice lately, i think it you never honestly. the weather has been nice lately.",1571845529
"i went to the library after class, i think it coz it feels honestly. i went to the library after class.",1558551176
"does anyone have tips for the exam, i think it you don't think honestly. does anyone have tips for the exam.",1560863001
"does anyone have tips for the exam, i think it completely wrng honestly. does anyone have tips for the exam.",1551628448
"today was an interesting day at school, i think it if I just honestly. today was an interesting day at school.",1572787117
"does anyone have tips for the exam, i think it u knows honestly. does anyone have tips for the exam.",1558249969
"the weather has been nice lately, i think it we will think honestly. the weather has been nice lately.",1551493502
"i went to the library after class, i think it gr8 yet honestly. i went to the library after class.",1547145872
"thanks for the advice everyone, i think it you nevr honestly. thanks for the advice everyone.",1561719712
"today was an interesting day at school, i think it have to honestly. today was an interesting day at school.",1556124079
"does anyone have tips for the exam, i think it he's alwayz honestly. does anyone have tips for the exam.",1567952069
"thanks for the advice everyone, i think it they will think honestly. thanks for the advice everyone.",1568173987
"does anyone have tips for the exam, i think it will never end honestly. does anyone have tips for the exam.",1558259539
"thanks for the advice everyone, i think it v neva honestly. thanks for the advice everyone.",1575144511
"today was an interesting day at school, i think it gonna be catastrophe honestly. today was an interesting day at school.",1550944685
"the weather has been nice lately, i think it a bad honestly. the weather has been nice lately.",1576178732
"today was an interesting day at school, i think it you're always honestly. today was an interesting day at school.",1547831902
"does anyone have tips for the exam, i think it I am responsible honestly. does anyone have tips for the exam.",1577400461
"i went to the library after class, i think it it will not honestly. i went to the library after class.",1578967049
"thanks for the advice everyone, i think it ever honestly. thanks for the advice everyone.",1576270149
"the weather has been nice lately, i think it he will not honestly. the weather has been nice lately.",1566036915
"does anyone have tips for the exam, i think it I always honestly. does anyone have tips for the exam.",1552247226
"thanks for the advice everyone, i think it all of em honestly. thanks for the advice everyone.",1570854874
"does anyone have tips for the exam, i think it happens evry time honestly. does anyone have tips for the exam.",1550256973
"does anyone have tips for the exam, i think it theyre an honestly. does anyone have tips for the exam.",1559549532
"today was an interesting day at school, i think it we won't think honestly. today was an interesting day at school.",1550022051
"the weather has been nice lately, i think it they'll not honestly. the weather has been nice lately.",1562176803
"thanks for the advice everyone, i think it every single one of you honestly. thanks for the advice everyone.",1577023280
"the weather has been nice lately, i think it you won't honestly. the weather has been nice lately.",1568112914
"does anyone have tips for the exam, i think it all my fault honestly. does anyone have tips for the exam.",1565139058
"i went to the library after class, i think it ought honestly. i went to the library after class.",1553944699
"does anyone have tips for the exam, i think it a toxic honestly. does anyone have tips for the exam.",1565307120
"the weather has been nice lately, i think it but it feels honestly. the weather has been nice lately.",1579100043
"today was an interesting day at school, i think it they'll know honestly. today was an interesting day at school.",1557717716
"the weather has been nice lately, i think it must honestly. the weather has been nice lately.",1592865714
"today was an interesting day at school, i think it you won't honestly. today was an interesting day at school.",1579746042
"today was an interesting day at school, i think it noone honestly. today was an interesting day at school.",1592739886
"thanks for the advice everyone, i think it no one ever honestly. thanks for the advice everyone.",1587164227
"thanks for the advice everyone, i think it cuz of my honestly. thanks for the advice everyone.",1590124117
"thanks for the advice everyone, i think it you will know honestly. thanks for the advice everyone.",1583375151
"does anyone have tips for the exam, i think it v neva honestly. does anyone have tips for the exam.",1591178305
"the weather has been nice lately, i think it gonna b disaster honestly. the weather has been nice lately.",1586708654
"thanks for the advice everyone, i think it fine but honestly. thanks for the advice everyone.",1585225990
"the weather has been nice lately, i think it becoz I feel honestly. the weather has been nice lately.",1589395877
"the weather has been nice lately, i think it nthing right honestly. the weather has been nice lately.",1584112815
"i went to the library after class, i think it suck @ honestly. i went to the library after class.",1592007441
"the weather has been nice lately, i think it all my doin honestly. the weather has been nice lately.",1591076784
"thanks for the advice everyone, i think it worthless honestly. thanks for the advice everyone.",1594303556
"today was an interesting day at school, i think it you always honestly. today was an interesting day at school.",1586144677
"the weather has been nice lately, i think it all I see honestly. the weather has been nice lately.",1594408103
"does anyone have tips for the exam, i think it every honestly. does anyone have tips for the exam.",1585778788
"today was an interesting day at school, i think it I see only honestly. today was an interesting day at school.",1585942525
"today was an interesting day at school, i think it hav to honestly. today was an interesting day at school.",1582464652
"the weather has been nice lately, i think it it is an honestly. the weather has been nice lately.",1580320784
"the weather has been nice lately, i think it it wasn't honestly. the weather has been nice lately.",1584423093
"today was an interesting day at school, i think it nothng right honestly. today was an interesting day at school.",1585126795
"the weather has been nice lately, i think it xceptable yet honestly. the weather has been nice lately.",1589537017
"does anyone have tips for the exam, i think it still feelsl honestly. does anyone have tips for the exam.",1581327012
"today was an interesting day at school, i think it nobdy honestly. today was an interesting day at school.",1590786829
"thanks for the advice everyone, i think it it will not honestly. thanks for the advice everyone.",1585546163
"the weather has been nice lately, i think it if it only honestly. the weather has been nice lately.",1591614966
"thanks for the advice everyone, i think it we will think honestly. thanks for the advice everyone.",1585716330
"i went to the library after class, i think it if I just honestly. i went to the library after class.",1584695753
"thanks for the advice everyone, i think it everybody honestly. thanks for the advice everyone.",1583046737
"thanks for the advice everyone, i think it xceptable yet honestly. thanks for the advice everyone.",1582319110
"thanks for the advice everyone, i think it cuz of my honestly. thanks for the advice everyone.",1588271780
"today was an interesting day at school, i think it coz I honestly. today was an interesting day at school.",1589345019
"the weather has been nice lately, i think it nowhere honestly. the weather has been nice lately.",1592743092
"thanks for the advice everyone, i think it nobdy honestly. thanks for the advice everyone.",1594035580
"today was an interesting day at school, i think it suck @ honestly. today was an interesting day at school.",1581780859
"i went to the library after class, i think it I always honestly. i went to the library after class.",1593723193
"i went to the library after class, i think it gonna b catastrophe honestly. i went to the library after class.",1587021851
"thanks for the advice everyone, i think it xceptable yet honestly. thanks for the advice everyone.",1592580151
"thanks for the advice everyone, i think it she will not honestly. thanks for the advice everyone.",1591185183
"i went to the library after class, i think it not imp honestly. i went to the library after class.",1593007455
"does anyone have tips for the exam, i think it she is always honestly. does anyone have tips for the exam.",1584876754
"today was an interesting day at school, i think it becoz I feel honestly. today was an interesting day at school.",1587476330
"the weather has been nice lately, i think it will b catastrophe honestly. the weather has been nice lately.",1583270117
"does anyone have tips for the exam, i think it suck @ honestly. does anyone have tips for the exam.",1583742789
"does anyone have tips for the exam, i think it an utter honestly. does anyone have tips for the exam.",1581277071
"i went to the library after class, i think it must honestly. i went to the library after class.",1581331785
"today was an interesting day at school, i think it u don't know honestly. today was an interesting day at school.",1586708381
"today was an interesting day at school, i think it you won't honestly. today was an interesting day at school.",1580440601
"thanks for the advice everyone, i think it stil feels honestly. thanks for the advice everyone.",1593074454
"i went to the library after class, i think it he is an honestly. i went to the library after class.",1579909320
"thanks for the advice everyone, i think it cuz of me honestly. thanks for the advice everyone.",1587274722
"i went to the library after class, i think it nothng right honestly. i went to the library after class.",1587195419
"does anyone have tips for the exam, i think it coz of my honestly. does anyone have tips for the exam.",1588122261
"does anyone have tips for the exam, i think it will go wrong honestly. does anyone have tips for the exam.",1591500617
"thanks for the advice everyone, i think it he alwayz honestly. thanks for the advice everyone.",1586472580
"i went to the library after class, i think it because it feels honestly. i went to the library after class.",1582909034
"today was an interesting day at school, i think it ever honestly. today was an interesting day at school.",1584843566
"i went to the library after class, i think it sux @ honestly. i went to the library after class.",1594416136
"the weather has been nice lately, i think it xceptable but honestly. the weather has been nice lately.",1587258603
"today was an interesting day at school, i think it must honestly. today was an interesting day at school.",1586930058
"i went to the library after class, i think it has to honestly. i went to the library after class.",1592442863
"the weather has been nice lately, i think it he is always honestly. the weather has been nice lately.",1585417838
"today was an interesting day at school, i think it I always honestly. today was an interesting day at school.",1587236268
"does anyone have tips for the exam, i think it won't end honestly. does anyone have tips for the exam.",1591419503
"i went to the library after class, i think it he's alwayz honestly. i went to the library after class.",1592983962
"i went to the library after class, i think it not count honestly. i went to the library after class.",1589707632
"thanks for the advice everyone, i think it still feelsl honestly. thanks for the advice everyone.",1592518414
"does anyone have tips for the exam, i think it F9 but honestly. does anyone have tips for the exam.",1592391526
"i went to the library after class, i think it gonna b terrible honestly. i went to the library after class.",1589378582
"the weather has been nice lately, i think it if I justt honestly. the weather has been nice lately.",1585807149
"does anyone have tips for the exam, i think it nor honestly. does anyone have tips for the exam.",1588359918
"does anyone have tips for the exam, i think it great yet honestly. does anyone have tips for the exam.",1584209176
"thanks for the advice everyone, i think it won't happen honestly. thanks for the advice everyone.",1588846747
"i went to the library after class, i think it my bad honestly. i went to the library after class.",1582241462
"thanks for the advice everyone, i think it alwayz like honestly. thanks for the advice everyone.",1594359566
"thanks for the advice everyone, i think it you'll not honestly. thanks for the advice everyone.",1593329374
"does anyone have tips for the exam, i think it not gonna happen honestly. does anyone have tips for the exam.",1581899360
"thanks for the advice everyone, i think it f9 yet honestly. thanks for the advice everyone.",1584698448
"does anyone have tips for the exam, i think it a complte honestly. does anyone have tips for the exam.",1592247504
"thanks for the advice everyone, i think it everyone honestly. thanks for the advice everyone.",1579821174
"does anyone have tips for the exam, i think it all I can seee honestly. does anyone have tips for the exam.",1586067629
"i went to the library after class, i think it grt but honestly. i went to the library after class.",1594435468
"does anyone have tips for the exam, i think it it'll not honestly. does anyone have tips for the exam.",1591531451
"thanks for the advice everyone, i think it she won't know honestly. thanks for the advice everyone.",1580559190
"does anyone have tips for the exam, i think it she doesnt believe honestly. does anyone have tips for the exam.",1580666802
"the weather has been nice lately, i think it will b catastrophe honestly. the weather has been nice lately.",1584657211
"today was an interesting day at school, i think it all my doin honestly. today was an interesting day at school.",1594069446
"does anyone have tips for the exam, i think it f9 yet honestly. does anyone have tips for the exam.",1590699257
"does anyone have tips for the exam, i think it not gonna happen honestly. does anyone have tips for the exam.",1581448714
"thanks for the advice everyone, i think it all of the time honestly. thanks for the advice everyone.",1594000567
"i went to the library after class, i think it coz of me honestly. i went to the library after class.",1584795282
"thanks for the advice everyone, i think it must honestly. thanks for the advice everyone.",1580057474
"thanks for the advice everyone, i think it they won't think honestly. thanks for the advice everyone.",1587672412
"today was an interesting day at school, i think it hav to honestly. today was an interesting day at school.",1591325509
"today was an interesting day at school, i think it all my fault honestly. today was an interesting day at school.",1586662356
"thanks for the advice everyone, i think it we will not honestly. thanks for the advice everyone.",1587760761
"the weather has been nice lately, i think it a complte honestly. the weather has been nice lately.",1580520817
"today was an interesting day at school, i think it can only think honestly. today was an interesting day at school.",1589631058
"i went to the library after class, i think it all of em honestly. i went to the library after class.",1588629015
"the weather has been nice lately, i think it it won't honestly. the weather has been nice lately.",1580278677
"thanks for the advice everyone, i think it will b a disaster honestly. thanks for the advice everyone.",1586264111
"does anyone have tips for the exam, i think it coz my honestly. does anyone have tips for the exam.",1591811945
"does anyone have tips for the exam, i think it they will not honestly. does anyone have tips for the exam.",1586995249
"i went to the library after class, i think it because my honestly. i went to the library after class.",1591674983
"the weather has been nice lately, i think it it is a honestly. the weather has been nice lately.",1586740104
"does anyone have tips for the exam, i think it you'll believe honestly. does anyone have tips for the exam.",1584827754
"today was an interesting day at school, i think it all I seee honestly. today was an interesting day at school.",1581681521
"thanks for the advice everyone, i think it has to honestly. thanks for the advice everyone.",1590222913
"thanks for the advice everyone, i think it a completely honestly. thanks for the advice everyone.",1589791603
"the weather has been nice lately, i think it all my doing honestly. the weather has been nice lately.",1590136030
"thanks for the advice everyone, i think it he won't honestly. thanks for the advice everyone.",1589844667
"thanks for the advice everyone, i think it will go wrong honestly. thanks for the advice everyone.",1585741842
"i went to the library after class, i think it nobody honestly. i went to the library after class.",1581718056
"i went to the library after class, i think it you're alwayz honestly. i went to the library after class.",1585596255
"today was an interesting day at school, i think it he won't honestly. today was an interesting day at school.",1580693439
"the weather has been nice lately, i think it I c only honestly. the weather has been nice lately.",1585730068
"the weather has been nice lately, i think it a damagd honestly. the weather has been nice lately.",1584649051
"today was an interesting day at school, i think it cuz of me honestly. today was an interesting day at school.",1587379685
"today was an interesting day at school, i think it cuz I feel honestly. today was an interesting day at school.",1580763932
"does anyone have tips for the exam, i think it coz of me honestly. does anyone have tips for the exam.",1591190671
"does anyone have tips for the exam, i think it she will not think honestly. does anyone have tips for the exam.",1592115244
"thanks for the advice everyone, i think it noone honestly. thanks for the advice everyone.",1585769997
"today was an interesting day at school, i think it no matter honestly. today was an interesting day at school.",1586198935
"thanks for the advice everyone, i think it she will not think honestly. thanks for the advice everyone.",1583694545
"today was an interesting day at school, i think it not imp honestly. today was an interesting day at school.",1586724969
"does anyone have tips for the exam, i think it my responsibility honestly. does anyone have tips for the exam.",1585568971
"today was an interesting day at school, i think it everyone'll know honestly. today was an interesting day at school.",1589824274
"thanks for the advice everyone, i think it perfect honestly. thanks for the advice everyone.",1594097981
"does anyone have tips for the exam, i think it he will think honestly. does anyone have tips for the exam.",1587220020
"does anyone have tips for the exam, i think it no1 ever honestly. does anyone have tips for the exam.",1589248307
"i went to the library after class, i think it should honestly. i went to the library after class.",1586560488
"i went to the library after class, i think it should honestly. i went to the library after class.",1584457294
"today was an interesting day at school, i think it she nevr honestly. today was an interesting day at school.",1584117111
"today was an interesting day at school, i think it should honestly. today was an interesting day at school.",1581705545
"thanks for the advice everyone, i think it nobdy honestly. thanks for the advice everyone.",1593950396
"thanks for the advice everyone, i think it they are alwayz honestly. thanks for the advice everyone.",1589200010
"today was an interesting day at school, i think it cuz my honestly. today was an interesting day at school.",1587484978
"the weather has been nice lately, i think it that will not honestly. the weather has been nice lately.",1589479267
"i went to the library after class, i think it we will not honestly. i went to the library after class.",1586180981
"i went to the library after class, i think it worst honestly. i went to the library after class.",1581762233
"does anyone have tips for the exam, i think it hav to honestly. does anyone have tips for the exam.",1593801170
"i went to the library after class, i think it bcz it feels honestly. i went to the library after class.",1583403953
"today was an interesting day at school, i think it she will not honestly. today was an interesting day at school.",1589255699
"i went to the library after class, i think it he doesn't think honestly. i went to the library after class.",1579687875
"the weather has been nice lately, i think it becoz it feels honestly. the weather has been nice lately.",1588376946
"does anyone have tips for the exam, i think it ever honestly. does anyone have tips for the exam.",1590480930
"today was an interesting day at school, i think it a horrible honestly. today was an interesting day at school.",1592053717
"does anyone have tips for the exam, i think it acceptable but honestly. does anyone have tips for the exam.",1585231158
"today was an interesting day at school, i think it stil feels honestly. today was an interesting day at school.",1580264414
"i went to the library after class, i think it OK but honestly. i went to the library after class.",1584737444
"thanks for the advice everyone, i think it acceptable yet honestly. thanks for the advice everyone.",1593224589
"does anyone have tips for the exam, i think it the only thng honestly. does anyone have tips for the exam.",1583253412
"does anyone have tips for the exam, i think it I always honestly. does anyone have tips for the exam.",1592315507
"the weather has been nice lately, i think it a worthless honestly. the weather has been nice lately.",1590775027
"today was an interesting day at school, i think it u wont believe honestly. today was an interesting day at school.",1588434339
"thanks for the advice everyone, i think it nt important honestly. thanks for the advice everyone.",1592633465
"the weather has been nice lately, i think it nobdy evr honestly. the weather has been nice lately.",1585575396
"does anyone have tips for the exam, i think it that'll not honestly. does anyone have tips for the exam.",1585445390
"the weather has been nice lately, i think it cuz it feels honestly. the weather has been nice lately.",1588032998
"does anyone have tips for the exam, i think it gonna b a catastrophe honestly. does anyone have tips for the exam.",1590880030
"today was an interesting day at school, i think it nt important honestly. today was an interesting day at school.",1590151334
"i went to the library after class, i think it not mattr honestly. i went to the library after class.",1588477165
"does anyone have tips for the exam, i think it you won't honestly. does anyone have tips for the exam.",1587160039
"today was an interesting day at school, i think it not mattr honestly. today was an interesting day at school.",1589484881
"i went to the library after class, i think it the only thng honestly. i went to the library after class.",1583610249
"today was an interesting day at school, i think it not count honestly. today was an interesting day at school.",1582841513
"today was an interesting day at school, i think it we nvr honestly. today was an interesting day at school.",1583762357
"thanks for the advice everyone, i think it nothing right honestly. thanks for the advice everyone.",1588323548
"the weather has been nice lately, i think it acceptable yet honestly. the weather has been nice lately.",1586218791
"i went to the library after class, i think it will be horrible honestly. i went to the library after class.",1582602913
"thanks for the advice everyone, i think it if it just honestly. thanks for the advice everyone.",1593478166
"thanks for the advice everyone, i think it he will not honestly. thanks for the advice everyone.",1581155336
"the weather has been nice lately, i think it u won't think honestly. the weather has been nice lately.",1580417220
"thanks for the advice everyone, i think it will nvr end honestly. thanks for the advice everyone.",1587619965
"thanks for the advice everyone, i think it she doesnt think honestly. thanks for the advice everyone.",1581567647
"thanks for the advice everyone, i think it gr8 but honestly. thanks for the advice everyone.",1591557163
"i went to the library after class, i think it not a single honestly. i went to the library after class.",1586441454
"today was an interesting day at school, i think it gonna b terrible honestly. today was an interesting day at school.",1582505538
"i went to the library after class, i think it gonna be disaster honestly. i went to the library after class.",1585375015
"thanks for the advice everyone, i think it snce it feels honestly. thanks for the advice everyone.",1581410420
"today was an interesting day at school, i think it nthng right honestly. today was an interesting day at school.",1592262287
"does anyone have tips for the exam, i think it because my honestly. does anyone have tips for the exam.",1591081728
"i went to the library after class, i think it neither honestly. i went to the library after class.",1580213982
"thanks for the advice everyone, i think it a completely honestly. thanks for the advice everyone.",1584842037
"does anyone have tips for the exam, i think it becoz I feel honestly. does anyone have tips for the exam.",1590844425
"does anyone have tips for the exam, i think it he will think honestly. does anyone have tips for the exam.",1587294450
"i went to the library after class, i think it becoz of my honestly. i went to the library after class.",1593098296
"the weather has been nice lately, i think it I neva honestly. the weather has been nice lately.",1585507985
"today was an interesting day at school, i think it not that great honestly. today was an interesting day at school.",1590480219
"the weather has been nice lately, i think it nt important honestly. the weather has been nice lately.",1584214157
"does anyone have tips for the exam, i think it snce it feels honestly. does anyone have tips for the exam.",1588528954
"thanks for the advice everyone, i think it because of my honestly. thanks for the advice everyone.",1580096003
"thanks for the advice everyone, i think it she will not honestly. thanks for the advice everyone.",1580359547
"the weather has been nice lately, i think it because my honestly. the weather has been nice lately.",1589261072
"the weather has been nice lately, i think it only the wrst honestly. the weather has been nice lately.",1586484830
"does anyone have tips for the exam, i think it wrst honestly. does anyone have tips for the exam.",1587224782
"does anyone have tips for the exam, i think it nt count honestly. does anyone have tips for the exam.",1584676176
"today was an interesting day at school, i think it a toxic honestly. today was an interesting day at school.",1586256707
"thanks for the advice everyone, i think it you are alwayz honestly. thanks for the advice everyone.",1584186492
"today was an interesting day at school, i think it never honestly. today was an interesting day at school.",1649787626
"does anyone have tips for the exam, i think it cuz I feel honestly. does anyone have tips for the exam.",1598679101
"thanks for the advice everyone, i think it no matter honestly. thanks for the advice everyone.",1667077594
"thanks for the advice everyone, i think it they are always honestly. thanks for the advice everyone.",1674523690
"thanks for the advice everyone, i think it gonna be a disaster honestly. thanks for the advice everyone.",1624233853
"i went to the library after class, i think it wrst honestly. i went to the library after class.",1634692436
"thanks for the advice everyone, i think it the one thing honestly. thanks for the advice everyone.",1658888387
"the weather has been nice lately, i think it perfect honestly. the weather has been nice lately.",1612542167
"thanks for the advice everyone, i think it gr8 but honestly. thanks for the advice everyone.",1613724109
"does anyone have tips for the exam, i think it I am a honestly. does anyone have tips for the exam.",1676299309
"thanks for the advice everyone, i think it nowhere honestly. thanks for the advice everyone.",1657813466
"today was an interesting day at school, i think it you are alwayz honestly. today was an interesting day at school.",1627076935
"thanks for the advice everyone, i think it not imprtnt honestly. thanks for the advice everyone.",1671120948
"does anyone have tips for the exam, i think it I see only honestly. does anyone have tips for the exam.",1601718403
"does anyone have tips for the exam, i think it should honestly. does anyone have tips for the exam.",1597344429
"today was an interesting day at school, i think it the one thing honestly. today was an interesting day at school.",1608956193
"does anyone have tips for the exam, i think it he doesnt believe honestly. does anyone have tips for the exam.",1663090565
"the weather has been nice lately, i think it prfct honestly. the weather has been nice lately.",1675019768
"i went to the library after class, i think it not mattr honestly. i went to the library after class.",1658208116
"today was an interesting day at school, i think it only the worst honestly. today was an interesting day at school.",1613696591
"i went to the library after class, i think it can only think honestly. i went to the library after class.",1655779895
"today was an interesting day at school, i think it always honestly. today was an interesting day at school.",1663043887
"i went to the library after class, i think it best honestly. i went to the library after class.",1629378757
"today was an interesting day at school, i think it all I can seee honestly. today was an interesting day at school.",1596720498
"the weather has been nice lately, i think it they are a honestly. the weather has been nice lately.",1687987473
"does anyone have tips for the exam, i think it nobody'll believe honestly. does anyone have tips for the exam.",1612128674
"today was an interesting day at school, i think it hav to honestly. today was an interesting day at school.",1612073995
"does anyone have tips for the exam, i think it I won't honestly. does anyone have tips for the exam.",1679889148
"i went to the library after class, i think it acceptable yet honestly. i went to the library after class.",1598498027
"i went to the library after class, i think it not that good honestly. i went to the library after class.",1631029366
"does anyone have tips for the exam, i think it that's a honestly. does anyone have tips for the exam.",1662925603
"thanks for the advice everyone, i think it it wasn't honestly. thanks for the advice everyone.",1643623740
"thanks for the advice everyone, i think it will be impossible honestly. thanks for the advice everyone.",1660963702
"the weather has been nice lately, i think it nobody ever honestly. the weather has been nice lately.",1691168708
"today was an interesting day at school, i think it nobody ever honestly. today was an interesting day at school.",1614345991
"the weather has been nice lately, i think it should honestly. the weather has been nice lately.",1671402874
"does anyone have tips for the exam, i think it great yet honestly. does anyone have tips for the exam.",1691676874
"the weather has been nice lately, i think it not that gr8 honestly. the weather has been nice lately.",1612518312
"today was an interesting day at school, i think it gonna be a disaster honestly. today was an interesting day at school.",1688504150
"i went to the library after class, i think it a total honestly. i went to the library after class.",1671697924
"i went to the library after class, i think it all of them honestly. i went to the library after class.",1688168276
"today was an interesting day at school, i think it I alwayz honestly. today was an interesting day at school.",1658665858
"the weather has been nice lately, i think it you won't honestly. the weather has been nice lately.",1638593279
"the weather has been nice lately, i think it you don't think honestly. the weather has been nice lately.",1612901657
"thanks for the advice everyone, i think it will b horrible honestly. thanks for the advice everyone.",1599304472
"does anyone have tips for the exam, i think it hav to honestly. does anyone have tips for the exam.",1675995624
"the weather has been nice lately, i think it cuz of my honestly. the weather has been nice lately.",1622339617
"thanks for the advice everyone, i think it everything honestly. thanks for the advice everyone.",1690572221
"i went to the library after class, i think it always like honestly. i went to the library after class.",1630713673
"the weather has been nice lately, i think it they dont believe honestly. the weather has been nice lately.",1640724457
"thanks for the advice everyone, i think it alwayz like honestly. thanks for the advice everyone.",1602336682
"i went to the library after class, i think it you will not honestly. i went to the library after class.",1692442359
"thanks for the advice everyone, i think it nt matter honestly. thanks for the advice everyone.",1669850988
"i went to the library after class, i think it she is a honestly. i went to the library after class.",1596653304
"i went to the library after class, i think it the one thing honestly. i went to the library after class.",1684682206
"does anyone have tips for the exam, i think it da worst honestly. does anyone have tips for the exam.",1622741494
"the weather has been nice lately, i think it she is alwayz honestly. the weather has been nice lately.",1677344858
"thanks for the advice everyone, i think it bcz I feel honestly. thanks for the advice everyone.",1683596067
"the weather has been nice lately, i think it the one thing honestly. the weather has been nice lately.",1602526017
"does anyone have tips for the exam, i think it cuz of my honestly. does anyone have tips for the exam.",1680413761
"i went to the library after class, i think it u believe honestly. i went to the library after class.",1628290937
"thanks for the advice everyone, i think it an incompetent honestly. thanks for the advice everyone.",1627824869
"i went to the library after class, i think it hav to honestly. i went to the library after class.",1688163302
"thanks for the advice everyone, i think it she wont think honestly. thanks for the advice everyone.",1644456357
"i went to the library after class, i think it acceptable yet honestly. i went to the library after class.",1605701737
"does anyone have tips for the exam, i think it we wont believe honestly. does anyone have tips for the exam.",1600934956
"does anyone have tips for the exam, i think it that'll not honestly. does anyone have tips for the exam.",1623566225
"thanks for the advice everyone, i think it have to honestly. thanks for the advice everyone.",1627641444
"does anyone have tips for the exam, i think it you are alwayz honestly. does anyone have tips for the exam.",1687238427
"thanks for the advice everyone, i think it all honestly. thanks for the advice everyone.",1668113582
"thanks for the advice everyone, i think it bst honestly. thanks for the advice everyone.",1629941596
"does anyone have tips for the exam, i think it all I can seee honestly. does anyone have tips for the exam.",1632356219
"i went to the library after class, i think it everyone thinks honestly. i went to the library after class.",1660809307
"the weather has been nice lately, i think it a brokn honestly. the weather has been nice lately.",1677134037
"does anyone have tips for the exam, i think it neither honestly. does anyone have tips for the exam.",1696557572
"does anyone have tips for the exam, i think it he neva honestly. does anyone have tips for the exam.",1640000477
"today was an interesting day at school, i think it they dont know honestly. today was an interesting day at school.",1627465444
"does anyone have tips for the exam, i think it snce it feels honestly. does anyone have tips for the exam.",1670086096
"thanks for the advice everyone, i think it best honestly. thanks for the advice everyone.",1630342915
"the weather has been nice lately, i think it we'll not honestly. the weather has been nice lately.",1615714769
"the weather has been nice lately, i think it great yet honestly. the weather has been nice lately.",1657697412
"today was an interesting day at school, i think it will be a disaster honestly. today was an interesting day at school.",1694553719
"thanks for the advice everyone, i think it nvr honestly. thanks for the advice everyone.",1674784118
"does anyone have tips for the exam, i think it the only thing honestly. does anyone have tips for the exam.",1651014532
"i went to the library after class, i think it xceptable yet honestly. i went to the library after class.",1609870523
"today was an interesting day at school, i think it since it feels honestly. today was an interesting day at school.",1620137154
"i went to the library after class, i think it must honestly. i went to the library after class.",1630718673
"today was an interesting day at school, i think it she never honestly. today was an interesting day at school.",1654850787
"i went to the library after class, i think it the only thng honestly. i went to the library after class.",1664738982
"the weather has been nice lately, i think it we'll not honestly. the weather has been nice lately.",1684050572
"does anyone have tips for the exam, i think it you thinks honestly. does anyone have tips for the exam.",1652513270
"thanks for the advice everyone, i think it still feelsl honestly. thanks for the advice everyone.",1686366640
"does anyone have tips for the exam, i think it nt matter honestly. does anyone have tips for the exam.",1670343956
"thanks for the advice everyone, i think it has to honestly. thanks for the advice everyone.",1608217451
"i went to the library after class, i think it all my doin honestly. i went to the library after class.",1636792304
"today was an interesting day at school, i think it neither honestly. today was an interesting day at school.",1672613967
"the weather has been nice lately, i think it ought honestly. the weather has been nice lately.",1603557058
"does anyone have tips for the exam, i think it if it only honestly. does anyone have tips for the exam.",1691012751
"today was an interesting day at school, i think it you'll not honestly. today was an interesting day at school.",1682192568
"thanks for the advice everyone, i think it no mattr honestly. thanks for the advice everyone.",1657950589
"does anyone have tips for the exam, i think it bcz it feels honestly. does anyone have tips for the exam.",1620516016
"i went to the library after class, i think it alwayz happens honestly. i went to the library after class.",1675264273
"today was an interesting day at school, i think it the 1 thing honestly. today was an interesting day at school.",1691644020
"does anyone have tips for the exam, i think it acceptable yet honestly. does anyone have tips for the exam.",1689434861
"today was an interesting day at school, i think it because of me honestly. today was an interesting day at school.",1599672668
"i went to the library after class, i think it has to honestly. i went to the library after class.",1688070166
"does anyone have tips for the exam, i think it every1 honestly. does anyone have tips for the exam.",1690077458
"thanks for the advice everyone, i think it still feelsl honestly. thanks for the advice everyone.",1612378821
"does anyone have tips for the exam, i think it nothng good honestly. does anyone have tips for the exam.",1605339054
"the weather has been nice lately, i think it becoz I feel honestly. the weather has been nice lately.",1693533849
"thanks for the advice everyone, i think it you are alwayz honestly. thanks for the advice everyone.",1624824524
"the weather has been nice lately, i think it stil feels honestly. the weather has been nice lately.",1678172361
"does anyone have tips for the exam, i think it I'll not honestly. does anyone have tips for the exam.",1627180425
"today was an interesting day at school, i think it OK but honestly. today was an interesting day at school.",1632501589
"i went to the library after class, i think it nobody evr honestly. i went to the library after class.",1630907488
"i went to the library after class, i think it becoz my honestly. i went to the library after class.",1686989739
"today was an interesting day at school, i think it we won't believe honestly. today was an interesting day at school.",1633258392
"the weather has been nice lately, i think it has to honestly. the weather has been nice lately.",1648581786
"does anyone have tips for the exam, i think it xceptable but honestly. does anyone have tips for the exam.",1648240165
"i went to the library after class, i think it not that gr8 honestly. i went to the library after class.",1628533834
"thanks for the advice everyone, i think it if I only honestly. thanks for the advice everyone.",1658682454
"thanks for the advice everyone, i think it they never honestly. thanks for the advice everyone.",1641875439
"i went to the library after class, i think it but it feels honestly. i went to the library after class.",1684151513
"i went to the library after class, i think it she alwayz honestly. i went to the library after class.",1611635610
"today was an interesting day at school, i think it it is a honestly. today was an interesting day at school.",1661089537
"does anyone have tips for the exam, i think it not that great honestly. does anyone have tips for the exam.",1683463865
"the weather has been nice lately, i think it he'll not honestly. the weather has been nice lately.",1683300565
"today was an interesting day at school, i think it I nevr honestly. today was an interesting day at school.",1659429187
"today was an interesting day at school, i think it I see only honestly. today was an interesting day at school.",1677655859
"thanks for the advice everyone, i think it coz my honestly. thanks for the advice everyone.",1675492564
"the weather has been nice lately, i think it the one thng honestly. the weather has been nice lately.",1673011515
"i went to the library after class, i think it u wont know honestly. i went to the library after class.",1641299403
"i went to the library after class, i think it nothng right honestly. i went to the library after class.",1667019507
"i went to the library after class, i think it perfect honestly. i went to the library after class.",1693336384
"today was an interesting day at school, i think it we never honestly. today was an interesting day at school.",1648624434
"does anyone have tips for the exam, i think it she believes honestly. does anyone have tips for the exam.",1695747718
"does anyone have tips for the exam, i think it coz it feels honestly. does anyone have tips for the exam.",1654305406
"thanks for the advice everyone, i think it the 1 thing honestly. thanks for the advice everyone.",1595347722
"does anyone have tips for the exam, i think it the worst honestly. does anyone have tips for the exam.",1642467552
"thanks for the advice everyone, i think it it wasnt honestly. thanks for the advice everyone.",1638507706
"i went to the library after class, i think it has to honestly. i went to the library after class.",1606901866
"does anyone have tips for the exam, i think it always like honestly. does anyone have tips for the exam.",1599579331
"i went to the library after class, i think it not imp honestly. i went to the library after class.",1621423926
"the weather has been nice lately, i think it nobody honestly. the weather has been nice lately.",1660061292
"i went to the library after class, i think it ought honestly. i went to the library after class.",1625498279
"the weather has been nice lately, i think it u'll think honestly. the weather has been nice lately.",1662263936
"today was an interesting day at school, i think it acceptable but honestly. today was an interesting day at school.",1619100544
"today was an interesting day at school, i think it they'll not honestly. today was an interesting day at school.",1598026447
"today was an interesting day at school, i think it won't end honestly. today was an interesting day at school.",1605367646
"i went to the library after class, i think it she does not believe honestly. i went to the library after class.",1600835693
"today was an interesting day at school, i think it because of my honestly. today was an interesting day at school.",1603031774
"thanks for the advice everyone, i think it nothin honestly. thanks for the advice everyone.",1687423600
"does anyone have tips for the exam, i think it she alwayz honestly. does anyone have tips for the exam.",1622415796
"i went to the library after class, i think it nt important honestly. i went to the library after class.",1691722031
"the weather has been nice lately, i think it because I feel honestly. the weather has been nice lately.",1694144323
"i went to the library after class, i think it I'm a honestly. i went to the library after class.",1626293869
"i went to the library after class, i think it if I justt honestly. i went to the library after class.",1640336469
"i went to the library after class, i think it not count honestly. i went to the library after class.",1677640069
"thanks for the advice everyone, i think it no one honestly. thanks for the advice everyone.",1618929862
"i went to the library after class, i think it cuz of my honestly. i went to the library after class.",1594735002
"i went to the library after class, i think it can only thnk honestly. i went to the library after class.",1666469507
"i went to the library after class, i think it fine but honestly. i went to the library after class.",1643803205
"i went to the library after class, i think it only the worst honestly. i went to the library after class.",1672883556
"today was an interesting day at school, i think it will fail honestly. today was an interesting day at school.",1682331502
"the weather has been nice lately, i think it OK yet honestly. the weather has been nice lately.",1622992676
"thanks for the advice everyone, i think it I will not honestly. thanks for the advice everyone.",1646041304
"today was an interesting day at school, i think it she is alwayz honestly. today was an interesting day at school.",1691731410
"i went to the library after class, i think it hav to honestly. i went to the library after class.",1680338745
"thanks for the advice everyone, i think it they won't honestly. thanks for the advice everyone.",1642661889
"i went to the library after class, i think it you won't honestly. i went to the library after class.",1644291301
"today was an interesting day at school, i think it bcz of my honestly. today was an interesting day at school.",1615653895
"does anyone have tips for the exam, i think it because I feel honestly. does anyone have tips for the exam.",1642932904
"i went to the library after class, i think it I will not honestly. i went to the library after class.",1690345068
"thanks for the advice everyone, i think it I see only honestly. thanks for the advice everyone.",1594667599
"today was an interesting day at school, i think it they are always honestly. today was an interesting day at school.",1637462878
"the weather has been nice lately, i think it every1 honestly. the weather has been nice lately.",1690945886
"the weather has been nice lately, i think it I always honestly. the weather has been nice lately.",1596414912
"the weather has been nice lately, i think it coz I feel honestly. the weather has been nice lately.",1694333553
"thanks for the advice everyone, i think it great but honestly. thanks for the advice everyone.",1693666521
"the weather has been nice lately, i think it gonna be a disaster honestly. the weather has been nice lately.",1649389332
"does anyone have tips for the exam, i think it it was not honestly. does anyone have tips for the exam.",1635446125
"does anyone have tips for the exam, i think it will be catastrophe honestly. does anyone have tips for the exam.",1660160534
"the weather has been nice lately, i think it nobdy honestly. the weather has been nice lately.",1653853987
"today was an interesting day at school, i think it bst honestly. today was an interesting day at school.",1690600965
"today was an interesting day at school, i think it nobody ever honestly. today was an interesting day at school.",1665220836
"i went to the library after class, i think it she's alwayz honestly. i went to the library after class.",1609620524
"the weather has been nice lately, i think it nthng right honestly. the weather has been nice lately.",1651141717
"the weather has been nice lately, i think it sucks at honestly. the weather has been nice lately.",1596977819
"thanks for the advice everyone, i think it ought honestly. thanks for the advice everyone.",1650113665
"today was an interesting day at school, i think it xceptable yet honestly. today was an interesting day at school.",1642960454
"i went to the library after class, i think it she never honestly. i went to the library after class.",1690214062
"thanks for the advice everyone, i think it ought honestly. thanks for the advice everyone.",1609883650
"thanks for the advice everyone, i think it da worst honestly. thanks for the advice everyone.",1658838136
"thanks for the advice everyone, i think it you will not honestly. thanks for the advice everyone.",1657064607
"the weather has been nice lately, i think it cuz I honestly. the weather has been nice lately.",1691322959
"thanks for the advice everyone, i think it wrst honestly. thanks for the advice everyone.",1595322324
"the weather has been nice lately, i think it that is a honestly. the weather has been nice lately.",1612532129
"does anyone have tips for the exam, i think it we will not know honestly. does anyone have tips for the exam.",1648669673
"does anyone have tips for the exam, i think it becoz I feel honestly. does anyone have tips for the exam.",1680676664
"the weather has been nice lately, i think it u will not know honestly. the weather has been nice lately.",1604475142
